-- Recora v0.1 local seed data
-- Purpose:
-- - Populate the v0.1 dashboard schema with fictional Japanese BtoB sample data.
-- - Keep the data close to the current dashboard shape.
-- - Do not use real company names.
--
-- This seed is intended for local development and `supabase db reset`.
-- It clears the Recora v0.1 tables before inserting deterministic sample rows.

begin;

set search_path = public, extensions;

truncate table
  public.recommendations,
  public.metric_snapshots,
  public.citations,
  public.brand_mentions,
  public.source_domains,
  public.ai_conversations,
  public.run_items,
  public.measurement_runs,
  public.prompts,
  public.topics,
  public.personas,
  public.brands,
  public.ai_models,
  public.projects
restart identity cascade;

insert into public.projects (
  id,
  slug,
  name,
  workspace_name,
  language,
  region,
  default_period,
  created_at,
  updated_at
) values (
  '10000000-0000-4000-8000-000000000001',
  'recora-kenzai-q2',
  'レコラ建材 AI検索分析レポート',
  'レコラ建材 Growth',
  'ja',
  'JP',
  '2026/06/10 - 2026/06/16',
  '2026-06-16 09:20:00+09',
  '2026-06-16 09:20:00+09'
);

insert into public.brands (
  id,
  project_id,
  brand_type,
  name,
  reading,
  domain,
  aliases,
  category,
  description
) values
  (
    '20000000-0000-4000-8000-000000000001',
    '10000000-0000-4000-8000-000000000001',
    'primary',
    'レコラ建材',
    'レコラケンザイ',
    'recora-kenzai.example',
    '["レコラ", "Recora Kenzai", "Recora建材"]'::jsonb,
    '高意匠タイル・内装建材',
    'ホテル、商業施設、高級住宅向けの意匠性と施工性を両立する建材ブランド。'
  ),
  (
    '20000000-0000-4000-8000-000000000002',
    '10000000-0000-4000-8000-000000000001',
    'competitor',
    'タイルワークス',
    'タイルワークス',
    'tileworks.example',
    '["Tileworks", "タイルワークス建材"]'::jsonb,
    '商業施設向けタイル',
    '商業施設やホテル案件での採用事例が多い架空のタイルブランド。'
  ),
  (
    '20000000-0000-4000-8000-000000000003',
    '10000000-0000-4000-8000-000000000001',
    'competitor',
    'クラフト建材',
    'クラフトケンザイ',
    'craft-kenzai.example',
    '["Craft Kenzai", "クラフト"]'::jsonb,
    '自然素材系建材',
    '素材感と職人感のある内装建材を扱う架空ブランド。'
  ),
  (
    '20000000-0000-4000-8000-000000000004',
    '10000000-0000-4000-8000-000000000001',
    'competitor',
    'マテリアルラボ',
    'マテリアルラボ',
    'material-lab.example',
    '["Material Lab", "マテラボ"]'::jsonb,
    '建材比較・素材提案',
    '設計者向けの素材提案と比較資料に強い架空ブランド。'
  ),
  (
    '20000000-0000-4000-8000-000000000005',
    '10000000-0000-4000-8000-000000000001',
    'competitor',
    '住空間タイル',
    'ジュウクウカンタイル',
    'jukukan-tile.example',
    '["住空間", "Jukukan Tile"]'::jsonb,
    '住宅向けタイル',
    '住宅リノベーションと水まわりタイルに強い架空ブランド。'
  );

insert into public.personas (
  id,
  project_id,
  name,
  segment,
  weight,
  jobs,
  pain_points
) values
  (
    '30000000-0000-4000-8000-000000000001',
    '10000000-0000-4000-8000-000000000001',
    '設計事務所',
    '建築設計',
    1.20,
    '["意匠性の高い素材選定", "施主向け提案資料の作成", "採用品番の比較"]'::jsonb,
    '["デザイン性と施工条件を同時に説明できる根拠が必要", "比較候補の差が見えにくい"]'::jsonb
  ),
  (
    '30000000-0000-4000-8000-000000000002',
    '10000000-0000-4000-8000-000000000001',
    '工務店',
    '施工・調達',
    1.00,
    '["供給の安定性確認", "施工互換性の確認", "納期リスクの説明"]'::jsonb,
    '["デザインだけでなく納期と施工性の説明が求められる"]'::jsonb
  ),
  (
    '30000000-0000-4000-8000-000000000003',
    '10000000-0000-4000-8000-000000000001',
    'インテリアデザイナー',
    '内装デザイン',
    1.10,
    '["素材感の比較", "空間コンセプトに合う建材提案", "施工後の質感確認"]'::jsonb,
    '["写真映えだけでなく実物の質感や長期利用の説明が必要"]'::jsonb
  ),
  (
    '30000000-0000-4000-8000-000000000004',
    '10000000-0000-4000-8000-000000000001',
    'ホテル開発担当者',
    'ホテル・商業開発',
    1.30,
    '["高級感のある内装材選定", "長期耐久性の確認", "ブランド比較の社内共有"]'::jsonb,
    '["初期費用だけでなく耐久性と供給継続性を説明したい"]'::jsonb
  );

insert into public.topics (
  id,
  project_id,
  name,
  intent,
  priority,
  weight
) values
  (
    '40000000-0000-4000-8000-000000000001',
    '10000000-0000-4000-8000-000000000001',
    'デザインの差別化',
    '意匠性の高いタイルブランドを比較する',
    'high',
    1.30
  ),
  (
    '40000000-0000-4000-8000-000000000002',
    '10000000-0000-4000-8000-000000000001',
    '供給の安定性',
    '商業施設やホテル案件で指定しやすい供給体制を確認する',
    'high',
    1.20
  ),
  (
    '40000000-0000-4000-8000-000000000003',
    '10000000-0000-4000-8000-000000000001',
    '素材の信頼性',
    '素材感、品質、第三者評価を比較する',
    'high',
    1.15
  ),
  (
    '40000000-0000-4000-8000-000000000004',
    '10000000-0000-4000-8000-000000000001',
    '施工互換性',
    '既存工法や施工現場との相性を確認する',
    'medium',
    1.00
  ),
  (
    '40000000-0000-4000-8000-000000000005',
    '10000000-0000-4000-8000-000000000001',
    '長期耐久性',
    'ホテルや高級住宅で長期利用できる素材を比較する',
    'medium',
    1.05
  ),
  (
    '40000000-0000-4000-8000-000000000006',
    '10000000-0000-4000-8000-000000000001',
    '実績・信頼性',
    '導入事例、採用実績、公式情報、第三者評価を確認する',
    'high',
    1.10
  );

insert into public.prompts (
  id,
  project_id,
  topic_id,
  persona_id,
  text,
  intent,
  buyer_stage,
  priority
) values
  (
    '50000000-0000-4000-8000-000000000001',
    '10000000-0000-4000-8000-000000000001',
    '40000000-0000-4000-8000-000000000001',
    '30000000-0000-4000-8000-000000000004',
    '高級ホテルのロビー内装に適した、デザイン性の高いタイルブランドはどこですか？',
    'ブランド比較',
    '比較',
    'high'
  ),
  (
    '50000000-0000-4000-8000-000000000002',
    '10000000-0000-4000-8000-000000000001',
    '40000000-0000-4000-8000-000000000002',
    '30000000-0000-4000-8000-000000000002',
    '商業施設向けに指定しやすい、供給安定性の高い建材ブランドを教えてください。',
    '供給比較',
    '選定',
    'high'
  ),
  (
    '50000000-0000-4000-8000-000000000003',
    '10000000-0000-4000-8000-000000000001',
    '40000000-0000-4000-8000-000000000003',
    '30000000-0000-4000-8000-000000000003',
    '高級住宅のリノベーションで、素材感を重視する場合におすすめのタイルメーカーはどこですか？',
    '素材比較',
    '比較',
    'high'
  ),
  (
    '50000000-0000-4000-8000-000000000004',
    '10000000-0000-4000-8000-000000000001',
    '40000000-0000-4000-8000-000000000004',
    '30000000-0000-4000-8000-000000000002',
    '既存の下地や一般的な施工手順と相性がよいタイルブランドを比較してください。',
    '施工条件',
    '選定',
    'medium'
  ),
  (
    '50000000-0000-4000-8000-000000000005',
    '10000000-0000-4000-8000-000000000001',
    '40000000-0000-4000-8000-000000000005',
    '30000000-0000-4000-8000-000000000001',
    'ホテルの水まわりや共用部で長期耐久性を重視する場合、どの建材ブランドが候補になりますか？',
    '耐久比較',
    '比較',
    'medium'
  ),
  (
    '50000000-0000-4000-8000-000000000006',
    '10000000-0000-4000-8000-000000000001',
    '40000000-0000-4000-8000-000000000001',
    '30000000-0000-4000-8000-000000000001',
    '設計事務所が施主に提案しやすい、差別化された内装タイルブランドを教えてください。',
    '提案資料',
    '比較',
    'medium'
  ),
  (
    '50000000-0000-4000-8000-000000000007',
    '10000000-0000-4000-8000-000000000001',
    '40000000-0000-4000-8000-000000000001',
    '30000000-0000-4000-8000-000000000001',
    'レコラ建材はどのような内装案件に向いていますか？強みと注意点を整理してください。',
    'ブランド理解',
    '選定',
    'high'
  ),
  (
    '50000000-0000-4000-8000-000000000008',
    '10000000-0000-4000-8000-000000000001',
    '40000000-0000-4000-8000-000000000001',
    '30000000-0000-4000-8000-000000000004',
    'レコラ建材、タイルワークス、マテリアルラボを高級ホテルのロビー内装で比較してください。',
    '競合比較',
    '比較',
    'high'
  ),
  (
    '50000000-0000-4000-8000-000000000009',
    '10000000-0000-4000-8000-000000000001',
    '40000000-0000-4000-8000-000000000004',
    '30000000-0000-4000-8000-000000000002',
    'レコラ建材の施工条件や互換性を確認できる情報源はありますか？',
    '根拠確認',
    '導入前確認',
    'high'
  ),
  (
    '50000000-0000-4000-8000-000000000010',
    '10000000-0000-4000-8000-000000000001',
    '40000000-0000-4000-8000-000000000006',
    '30000000-0000-4000-8000-000000000001',
    'レコラ建材の導入事例や採用実績を確認できる信頼できる情報源を教えてください。',
    '事例確認',
    '稟議',
    'high'
  ),
  (
    '50000000-0000-4000-8000-000000000011',
    '10000000-0000-4000-8000-000000000001',
    '40000000-0000-4000-8000-000000000001',
    '30000000-0000-4000-8000-000000000001',
    'タイルワークスの代替候補として検討できる内装タイルブランドはありますか？',
    '代替検討',
    '比較',
    'medium'
  ),
  (
    '50000000-0000-4000-8000-000000000012',
    '10000000-0000-4000-8000-000000000001',
    '40000000-0000-4000-8000-000000000005',
    '30000000-0000-4000-8000-000000000004',
    'レコラ建材をホテルや商業施設で使う場合に、事前に確認すべきリスクや不向きな条件はありますか？',
    'リスク確認',
    '導入前確認',
    'medium'
  );

insert into public.ai_models (
  id,
  provider,
  model_name,
  display_name
) values
  (
    '60000000-0000-4000-8000-000000000001',
    'OpenAI',
    'chatgpt-sample',
    'ChatGPT'
  ),
  (
    '60000000-0000-4000-8000-000000000002',
    'Google',
    'gemini-sample',
    'Gemini'
  ),
  (
    '60000000-0000-4000-8000-000000000003',
    'Perplexity',
    'perplexity-sample',
    'Perplexity'
  );

insert into public.measurement_runs (
  id,
  project_id,
  status,
  period_start,
  period_end,
  comparison_start,
  comparison_end,
  region,
  language,
  started_at,
  completed_at,
  created_at,
  updated_at
) values (
  '70000000-0000-4000-8000-000000000001',
  '10000000-0000-4000-8000-000000000001',
  'completed',
  '2026-06-10',
  '2026-06-16',
  '2026-06-03',
  '2026-06-09',
  'JP',
  'ja',
  '2026-06-16 09:00:00+09',
  '2026-06-16 09:20:00+09',
  '2026-06-16 09:00:00+09',
  '2026-06-16 09:20:00+09'
);

insert into public.run_items (
  id,
  run_id,
  prompt_id,
  persona_id,
  model_id,
  status,
  latency_ms,
  captured_at
) values
  ('71000000-0000-4000-8000-000000000001', '70000000-0000-4000-8000-000000000001', '50000000-0000-4000-8000-000000000001', '30000000-0000-4000-8000-000000000004', '60000000-0000-4000-8000-000000000001', 'completed', 1280, '2026-06-16 09:01:00+09'),
  ('71000000-0000-4000-8000-000000000002', '70000000-0000-4000-8000-000000000001', '50000000-0000-4000-8000-000000000001', '30000000-0000-4000-8000-000000000004', '60000000-0000-4000-8000-000000000002', 'completed', 1430, '2026-06-16 09:02:00+09'),
  ('71000000-0000-4000-8000-000000000003', '70000000-0000-4000-8000-000000000001', '50000000-0000-4000-8000-000000000001', '30000000-0000-4000-8000-000000000004', '60000000-0000-4000-8000-000000000003', 'completed', 980, '2026-06-16 09:03:00+09'),
  ('71000000-0000-4000-8000-000000000004', '70000000-0000-4000-8000-000000000001', '50000000-0000-4000-8000-000000000002', '30000000-0000-4000-8000-000000000002', '60000000-0000-4000-8000-000000000001', 'completed', 1210, '2026-06-16 09:04:00+09'),
  ('71000000-0000-4000-8000-000000000005', '70000000-0000-4000-8000-000000000001', '50000000-0000-4000-8000-000000000002', '30000000-0000-4000-8000-000000000002', '60000000-0000-4000-8000-000000000002', 'completed', 1320, '2026-06-16 09:05:00+09'),
  ('71000000-0000-4000-8000-000000000006', '70000000-0000-4000-8000-000000000001', '50000000-0000-4000-8000-000000000002', '30000000-0000-4000-8000-000000000002', '60000000-0000-4000-8000-000000000003', 'completed', 920, '2026-06-16 09:06:00+09'),
  ('71000000-0000-4000-8000-000000000007', '70000000-0000-4000-8000-000000000001', '50000000-0000-4000-8000-000000000003', '30000000-0000-4000-8000-000000000003', '60000000-0000-4000-8000-000000000001', 'completed', 1170, '2026-06-16 09:07:00+09'),
  ('71000000-0000-4000-8000-000000000008', '70000000-0000-4000-8000-000000000001', '50000000-0000-4000-8000-000000000003', '30000000-0000-4000-8000-000000000003', '60000000-0000-4000-8000-000000000002', 'completed', 1360, '2026-06-16 09:08:00+09'),
  ('71000000-0000-4000-8000-000000000009', '70000000-0000-4000-8000-000000000001', '50000000-0000-4000-8000-000000000003', '30000000-0000-4000-8000-000000000003', '60000000-0000-4000-8000-000000000003', 'completed', 990, '2026-06-16 09:09:00+09'),
  ('71000000-0000-4000-8000-000000000010', '70000000-0000-4000-8000-000000000001', '50000000-0000-4000-8000-000000000004', '30000000-0000-4000-8000-000000000002', '60000000-0000-4000-8000-000000000001', 'completed', 1250, '2026-06-16 09:10:00+09'),
  ('71000000-0000-4000-8000-000000000011', '70000000-0000-4000-8000-000000000001', '50000000-0000-4000-8000-000000000004', '30000000-0000-4000-8000-000000000002', '60000000-0000-4000-8000-000000000002', 'completed', 1400, '2026-06-16 09:11:00+09'),
  ('71000000-0000-4000-8000-000000000012', '70000000-0000-4000-8000-000000000001', '50000000-0000-4000-8000-000000000004', '30000000-0000-4000-8000-000000000002', '60000000-0000-4000-8000-000000000003', 'completed', 1010, '2026-06-16 09:12:00+09');

insert into public.ai_conversations (
  id,
  run_item_id,
  raw_answer,
  answer_summary,
  answer_hash,
  prompt_text_snapshot,
  model_snapshot,
  captured_at
) values
  (
    '72000000-0000-4000-8000-000000000001',
    '71000000-0000-4000-8000-000000000001',
    '高級ホテルのロビー内装では、タイルワークス、レコラ建材、マテリアルラボが候補になります。レコラ建材は落ち着いた質感と施工条件の説明が揃っており、比較資料に入れやすいブランドです。',
    'ホテルロビー向けでレコラ建材が2番手候補として言及された。',
    'seed-answer-001',
    '高級ホテルのロビー内装に適した、デザイン性の高いタイルブランドはどこですか？',
    'ChatGPT',
    '2026-06-16 09:01:00+09'
  ),
  (
    '72000000-0000-4000-8000-000000000002',
    '71000000-0000-4000-8000-000000000002',
    '意匠性を重視するなら、タイルワークスが事例数で強く、マテリアルラボは素材提案の幅があります。レコラ建材はホテル向けの質感表現が良い一方、公開事例の説明を増やすと選ばれやすくなります。',
    'レコラ建材は候補に入ったが、公開事例の不足が指摘された。',
    'seed-answer-002',
    '高級ホテルのロビー内装に適した、デザイン性の高いタイルブランドはどこですか？',
    'Gemini',
    '2026-06-16 09:02:00+09'
  ),
  (
    '72000000-0000-4000-8000-000000000003',
    '71000000-0000-4000-8000-000000000003',
    '高級ホテルのロビーでは、レコラ建材が落ち着いた質感と高級感の両立で有力です。タイルワークスは大規模案件の供給面、クラフト建材は手仕事感のある空間に向いています。',
    'Perplexityではレコラ建材が最上位で推薦された。',
    'seed-answer-003',
    '高級ホテルのロビー内装に適した、デザイン性の高いタイルブランドはどこですか？',
    'Perplexity',
    '2026-06-16 09:03:00+09'
  ),
  (
    '72000000-0000-4000-8000-000000000004',
    '71000000-0000-4000-8000-000000000004',
    '商業施設向けの供給安定性ではタイルワークスとクラフト建材が強い候補です。レコラ建材は意匠性の評価は高いものの、納期や在庫体制の説明を確認したいブランドです。',
    '供給安定性では競合優位、レコラ建材は補足情報不足。',
    'seed-answer-004',
    '商業施設向けに指定しやすい、供給安定性の高い建材ブランドを教えてください。',
    'ChatGPT',
    '2026-06-16 09:04:00+09'
  ),
  (
    '72000000-0000-4000-8000-000000000005',
    '71000000-0000-4000-8000-000000000005',
    '供給面ではタイルワークス、クラフト建材、住空間タイルが比較されます。レコラ建材は商業施設にも使えますが、標準納期と代替品番の情報を明確にすると指定しやすくなります。',
    'レコラ建材は候補だが供給情報の明確化が必要。',
    'seed-answer-005',
    '商業施設向けに指定しやすい、供給安定性の高い建材ブランドを教えてください。',
    'Gemini',
    '2026-06-16 09:05:00+09'
  ),
  (
    '72000000-0000-4000-8000-000000000006',
    '71000000-0000-4000-8000-000000000006',
    '商業施設で指定しやすい建材としては、タイルワークス、クラフト建材、レコラ建材が候補です。レコラ建材はデザイン性と施工条件の情報が揃うと、より選定しやすくなります。',
    '供給安定性では3番手候補としてレコラ建材が言及された。',
    'seed-answer-006',
    '商業施設向けに指定しやすい、供給安定性の高い建材ブランドを教えてください。',
    'Perplexity',
    '2026-06-16 09:06:00+09'
  ),
  (
    '72000000-0000-4000-8000-000000000007',
    '71000000-0000-4000-8000-000000000007',
    '高級住宅リノベーションで素材感を重視する場合、クラフト建材、レコラ建材、住空間タイルが候補です。レコラ建材は落ち着いた質感と内装全体の統一感で評価できます。',
    '素材感重視でレコラ建材が2番手候補。',
    'seed-answer-007',
    '高級住宅のリノベーションで、素材感を重視する場合におすすめのタイルメーカーはどこですか？',
    'ChatGPT',
    '2026-06-16 09:07:00+09'
  ),
  (
    '72000000-0000-4000-8000-000000000008',
    '71000000-0000-4000-8000-000000000008',
    '素材感ではクラフト建材が強く、住空間タイルは住宅向けの実例が多いです。レコラ建材はホテルや商業施設寄りの説明が多いため、高級住宅向けの事例を補うとよいでしょう。',
    '高級住宅文脈ではレコラ建材の住宅事例不足が指摘された。',
    'seed-answer-008',
    '高級住宅のリノベーションで、素材感を重視する場合におすすめのタイルメーカーはどこですか？',
    'Gemini',
    '2026-06-16 09:08:00+09'
  ),
  (
    '72000000-0000-4000-8000-000000000009',
    '71000000-0000-4000-8000-000000000009',
    '素材感と高級感を両立したい場合、レコラ建材は有力候補です。クラフト建材は自然素材感、住空間タイルは住宅事例の多さで比較できます。',
    'Perplexityでは素材感文脈でもレコラ建材が推薦された。',
    'seed-answer-009',
    '高級住宅のリノベーションで、素材感を重視する場合におすすめのタイルメーカーはどこですか？',
    'Perplexity',
    '2026-06-16 09:09:00+09'
  ),
  (
    '72000000-0000-4000-8000-000000000010',
    '71000000-0000-4000-8000-000000000010',
    '施工互換性を重視するなら、クラフト建材と住空間タイルは標準的な施工情報が見つけやすいです。レコラ建材はデザイン面の情報が強い一方、下地や接着剤の互換性を補足すると安心です。',
    '施工互換性ではレコラ建材の技術情報不足が指摘された。',
    'seed-answer-010',
    '既存の下地や一般的な施工手順と相性がよいタイルブランドを比較してください。',
    'ChatGPT',
    '2026-06-16 09:10:00+09'
  ),
  (
    '72000000-0000-4000-8000-000000000011',
    '71000000-0000-4000-8000-000000000011',
    '一般的な施工手順との相性では住空間タイル、クラフト建材、タイルワークスが挙がります。レコラ建材は施工互換性のチェックリストがあると比較に入りやすくなります。',
    'Geminiではレコラ建材が明確な推薦には至らなかった。',
    'seed-answer-011',
    '既存の下地や一般的な施工手順と相性がよいタイルブランドを比較してください。',
    'Gemini',
    '2026-06-16 09:11:00+09'
  ),
  (
    '72000000-0000-4000-8000-000000000012',
    '71000000-0000-4000-8000-000000000012',
    '施工互換性では、レコラ建材、クラフト建材、住空間タイルを比較できます。レコラ建材は意匠性を保ちながら施工条件を確認できる資料があると、指定候補として扱いやすくなります。',
    'Perplexityでは施工互換性でもレコラ建材が候補に入った。',
    'seed-answer-012',
    '既存の下地や一般的な施工手順と相性がよいタイルブランドを比較してください。',
    'Perplexity',
    '2026-06-16 09:12:00+09'
  );

insert into public.source_domains (
  id,
  project_id,
  domain,
  source_type,
  owner_brand_id,
  trust_label
) values
  ('80000000-0000-4000-8000-000000000001', '10000000-0000-4000-8000-000000000001', 'recora-kenzai.example', 'owned', '20000000-0000-4000-8000-000000000001', '自社サイト'),
  ('80000000-0000-4000-8000-000000000002', '10000000-0000-4000-8000-000000000001', 'tileworks.example', 'competitor', '20000000-0000-4000-8000-000000000002', '競合サイト'),
  ('80000000-0000-4000-8000-000000000003', '10000000-0000-4000-8000-000000000001', 'craft-kenzai.example', 'competitor', '20000000-0000-4000-8000-000000000003', '競合サイト'),
  ('80000000-0000-4000-8000-000000000004', '10000000-0000-4000-8000-000000000001', 'material-lab.example', 'competitor', '20000000-0000-4000-8000-000000000004', '競合サイト'),
  ('80000000-0000-4000-8000-000000000005', '10000000-0000-4000-8000-000000000001', 'jukukan-tile.example', 'competitor', '20000000-0000-4000-8000-000000000005', '競合サイト'),
  ('80000000-0000-4000-8000-000000000006', '10000000-0000-4000-8000-000000000001', 'kenzai-review.example', 'review', null, '第三者レビュー'),
  ('80000000-0000-4000-8000-000000000007', '10000000-0000-4000-8000-000000000001', 'design-material.example', 'media', null, '業界メディア'),
  ('80000000-0000-4000-8000-000000000008', '10000000-0000-4000-8000-000000000001', 'hotel-interior.example', 'media', null, 'ホテル内装メディア');

insert into public.brand_mentions (
  id,
  conversation_id,
  brand_id,
  mentioned,
  position,
  recommendation_status,
  sentiment,
  answer_score,
  mention_text
) values
  ('81000000-0000-4000-8000-000000000001', '72000000-0000-4000-8000-000000000001', '20000000-0000-4000-8000-000000000002', true, 1, 'recommended', 'positive', 4, 'タイルワークスが事例数で強い'),
  ('81000000-0000-4000-8000-000000000002', '72000000-0000-4000-8000-000000000001', '20000000-0000-4000-8000-000000000001', true, 2, 'recommended', 'positive', 4, 'レコラ建材は比較資料に入れやすい'),
  ('81000000-0000-4000-8000-000000000003', '72000000-0000-4000-8000-000000000001', '20000000-0000-4000-8000-000000000004', true, 3, 'listed', 'neutral', 2, 'マテリアルラボも候補'),
  ('81000000-0000-4000-8000-000000000004', '72000000-0000-4000-8000-000000000002', '20000000-0000-4000-8000-000000000002', true, 1, 'recommended', 'positive', 4, 'タイルワークスが事例数で強い'),
  ('81000000-0000-4000-8000-000000000005', '72000000-0000-4000-8000-000000000002', '20000000-0000-4000-8000-000000000004', true, 2, 'recommended', 'positive', 3, 'マテリアルラボは素材提案の幅がある'),
  ('81000000-0000-4000-8000-000000000006', '72000000-0000-4000-8000-000000000002', '20000000-0000-4000-8000-000000000001', true, 3, 'listed', 'neutral', 2, '公開事例を増やすと選ばれやすい'),
  ('81000000-0000-4000-8000-000000000007', '72000000-0000-4000-8000-000000000003', '20000000-0000-4000-8000-000000000001', true, 1, 'strongly_recommended', 'positive', 5, 'レコラ建材が高級感の両立で有力'),
  ('81000000-0000-4000-8000-000000000008', '72000000-0000-4000-8000-000000000003', '20000000-0000-4000-8000-000000000002', true, 2, 'recommended', 'positive', 4, 'タイルワークスは供給面で比較'),
  ('81000000-0000-4000-8000-000000000009', '72000000-0000-4000-8000-000000000003', '20000000-0000-4000-8000-000000000003', true, 3, 'listed', 'neutral', 2, 'クラフト建材は手仕事感のある空間向け'),
  ('81000000-0000-4000-8000-000000000010', '72000000-0000-4000-8000-000000000004', '20000000-0000-4000-8000-000000000002', true, 1, 'recommended', 'positive', 4, 'タイルワークスが供給面で強い'),
  ('81000000-0000-4000-8000-000000000011', '72000000-0000-4000-8000-000000000004', '20000000-0000-4000-8000-000000000003', true, 2, 'recommended', 'positive', 3, 'クラフト建材も供給安定性で候補'),
  ('81000000-0000-4000-8000-000000000012', '72000000-0000-4000-8000-000000000004', '20000000-0000-4000-8000-000000000001', true, 3, 'listed', 'neutral', 2, 'レコラ建材は納期や在庫体制の説明を確認したい'),
  ('81000000-0000-4000-8000-000000000013', '72000000-0000-4000-8000-000000000005', '20000000-0000-4000-8000-000000000002', true, 1, 'recommended', 'positive', 4, 'タイルワークスが供給面で候補'),
  ('81000000-0000-4000-8000-000000000014', '72000000-0000-4000-8000-000000000005', '20000000-0000-4000-8000-000000000003', true, 2, 'recommended', 'positive', 3, 'クラフト建材も比較される'),
  ('81000000-0000-4000-8000-000000000015', '72000000-0000-4000-8000-000000000005', '20000000-0000-4000-8000-000000000001', true, 4, 'listed', 'neutral', 2, 'レコラ建材は標準納期の明確化が必要'),
  ('81000000-0000-4000-8000-000000000016', '72000000-0000-4000-8000-000000000006', '20000000-0000-4000-8000-000000000002', true, 1, 'recommended', 'positive', 4, 'タイルワークスが指定しやすい'),
  ('81000000-0000-4000-8000-000000000017', '72000000-0000-4000-8000-000000000006', '20000000-0000-4000-8000-000000000003', true, 2, 'recommended', 'positive', 3, 'クラフト建材も候補'),
  ('81000000-0000-4000-8000-000000000018', '72000000-0000-4000-8000-000000000006', '20000000-0000-4000-8000-000000000001', true, 3, 'recommended', 'neutral', 3, 'レコラ建材は条件情報が揃うと選定しやすい'),
  ('81000000-0000-4000-8000-000000000019', '72000000-0000-4000-8000-000000000007', '20000000-0000-4000-8000-000000000003', true, 1, 'recommended', 'positive', 4, 'クラフト建材が素材感で強い'),
  ('81000000-0000-4000-8000-000000000020', '72000000-0000-4000-8000-000000000007', '20000000-0000-4000-8000-000000000001', true, 2, 'recommended', 'positive', 4, 'レコラ建材は落ち着いた質感で評価'),
  ('81000000-0000-4000-8000-000000000021', '72000000-0000-4000-8000-000000000007', '20000000-0000-4000-8000-000000000005', true, 3, 'listed', 'neutral', 2, '住空間タイルも候補'),
  ('81000000-0000-4000-8000-000000000022', '72000000-0000-4000-8000-000000000008', '20000000-0000-4000-8000-000000000003', true, 1, 'recommended', 'positive', 4, 'クラフト建材が素材感で強い'),
  ('81000000-0000-4000-8000-000000000023', '72000000-0000-4000-8000-000000000008', '20000000-0000-4000-8000-000000000005', true, 2, 'recommended', 'positive', 3, '住空間タイルは住宅事例が多い'),
  ('81000000-0000-4000-8000-000000000024', '72000000-0000-4000-8000-000000000008', '20000000-0000-4000-8000-000000000001', true, 3, 'listed', 'neutral', 2, '住宅向け事例を補うとよい'),
  ('81000000-0000-4000-8000-000000000025', '72000000-0000-4000-8000-000000000009', '20000000-0000-4000-8000-000000000001', true, 1, 'strongly_recommended', 'positive', 5, 'レコラ建材は素材感と高級感を両立'),
  ('81000000-0000-4000-8000-000000000026', '72000000-0000-4000-8000-000000000009', '20000000-0000-4000-8000-000000000003', true, 2, 'recommended', 'positive', 4, 'クラフト建材は自然素材感'),
  ('81000000-0000-4000-8000-000000000027', '72000000-0000-4000-8000-000000000009', '20000000-0000-4000-8000-000000000005', true, 3, 'listed', 'neutral', 2, '住空間タイルは住宅事例の多さ'),
  ('81000000-0000-4000-8000-000000000028', '72000000-0000-4000-8000-000000000010', '20000000-0000-4000-8000-000000000003', true, 1, 'recommended', 'positive', 4, 'クラフト建材は標準施工情報が見つけやすい'),
  ('81000000-0000-4000-8000-000000000029', '72000000-0000-4000-8000-000000000010', '20000000-0000-4000-8000-000000000005', true, 2, 'recommended', 'positive', 3, '住空間タイルも施工条件が確認しやすい'),
  ('81000000-0000-4000-8000-000000000030', '72000000-0000-4000-8000-000000000010', '20000000-0000-4000-8000-000000000001', true, 3, 'listed', 'neutral', 2, 'レコラ建材は互換性情報を補足すると安心'),
  ('81000000-0000-4000-8000-000000000031', '72000000-0000-4000-8000-000000000011', '20000000-0000-4000-8000-000000000005', true, 1, 'recommended', 'positive', 4, '住空間タイルが施工手順と相性がよい'),
  ('81000000-0000-4000-8000-000000000032', '72000000-0000-4000-8000-000000000011', '20000000-0000-4000-8000-000000000003', true, 2, 'recommended', 'positive', 3, 'クラフト建材も挙がる'),
  ('81000000-0000-4000-8000-000000000033', '72000000-0000-4000-8000-000000000011', '20000000-0000-4000-8000-000000000001', true, 4, 'listed', 'neutral', 1, '施工互換性チェックリストが必要'),
  ('81000000-0000-4000-8000-000000000034', '72000000-0000-4000-8000-000000000012', '20000000-0000-4000-8000-000000000001', true, 1, 'recommended', 'positive', 4, 'レコラ建材は意匠性を保ちながら施工条件を確認できる'),
  ('81000000-0000-4000-8000-000000000035', '72000000-0000-4000-8000-000000000012', '20000000-0000-4000-8000-000000000003', true, 2, 'recommended', 'positive', 3, 'クラフト建材も比較できる'),
  ('81000000-0000-4000-8000-000000000036', '72000000-0000-4000-8000-000000000012', '20000000-0000-4000-8000-000000000005', true, 3, 'listed', 'neutral', 2, '住空間タイルも候補');

insert into public.citations (
  id,
  conversation_id,
  brand_id,
  source_domain_id,
  url,
  domain,
  title,
  source_type,
  supports_claim,
  occurrence_count
) values
  ('83000000-0000-4000-8000-000000000001', '72000000-0000-4000-8000-000000000001', '20000000-0000-4000-8000-000000000001', '80000000-0000-4000-8000-000000000001', 'https://recora-kenzai.example/products/lobby-tile', 'recora-kenzai.example', 'ホテルロビー向け高意匠タイル', 'owned', true, 2),
  ('83000000-0000-4000-8000-000000000002', '72000000-0000-4000-8000-000000000001', '20000000-0000-4000-8000-000000000002', '80000000-0000-4000-8000-000000000002', 'https://tileworks.example/cases/commercial-lobby', 'tileworks.example', '商業施設ロビー採用事例', 'competitor', true, 3),
  ('83000000-0000-4000-8000-000000000003', '72000000-0000-4000-8000-000000000002', null, '80000000-0000-4000-8000-000000000008', 'https://hotel-interior.example/materials/luxury-tile', 'hotel-interior.example', '高級ホテル内装材の選び方', 'media', true, 1),
  ('83000000-0000-4000-8000-000000000004', '72000000-0000-4000-8000-000000000003', '20000000-0000-4000-8000-000000000001', '80000000-0000-4000-8000-000000000001', 'https://recora-kenzai.example/cases/hotel-lobby', 'recora-kenzai.example', 'ホテルロビー施工事例', 'owned', true, 4),
  ('83000000-0000-4000-8000-000000000005', '72000000-0000-4000-8000-000000000003', null, '80000000-0000-4000-8000-000000000007', 'https://design-material.example/reports/tile-texture-2026', 'design-material.example', '内装タイル質感レポート', 'media', true, 2),
  ('83000000-0000-4000-8000-000000000006', '72000000-0000-4000-8000-000000000004', '20000000-0000-4000-8000-000000000002', '80000000-0000-4000-8000-000000000002', 'https://tileworks.example/supply/catalog', 'tileworks.example', '商業施設向け供給体制', 'competitor', true, 3),
  ('83000000-0000-4000-8000-000000000007', '72000000-0000-4000-8000-000000000004', '20000000-0000-4000-8000-000000000001', '80000000-0000-4000-8000-000000000001', 'https://recora-kenzai.example/support/delivery', 'recora-kenzai.example', '標準納期と供給体制', 'owned', false, 1),
  ('83000000-0000-4000-8000-000000000008', '72000000-0000-4000-8000-000000000005', '20000000-0000-4000-8000-000000000003', '80000000-0000-4000-8000-000000000003', 'https://craft-kenzai.example/supply/stock-policy', 'craft-kenzai.example', '在庫方針', 'competitor', true, 2),
  ('83000000-0000-4000-8000-000000000009', '72000000-0000-4000-8000-000000000006', null, '80000000-0000-4000-8000-000000000006', 'https://kenzai-review.example/ranking/commercial-tile', 'kenzai-review.example', '商業施設向けタイル比較', 'review', true, 2),
  ('83000000-0000-4000-8000-000000000010', '72000000-0000-4000-8000-000000000007', '20000000-0000-4000-8000-000000000001', '80000000-0000-4000-8000-000000000001', 'https://recora-kenzai.example/products/natural-texture', 'recora-kenzai.example', '素材感を重視した内装タイル', 'owned', true, 3),
  ('83000000-0000-4000-8000-000000000011', '72000000-0000-4000-8000-000000000008', '20000000-0000-4000-8000-000000000005', '80000000-0000-4000-8000-000000000005', 'https://jukukan-tile.example/cases/renovation', 'jukukan-tile.example', '住宅リノベーション事例', 'competitor', true, 3),
  ('83000000-0000-4000-8000-000000000012', '72000000-0000-4000-8000-000000000009', '20000000-0000-4000-8000-000000000001', '80000000-0000-4000-8000-000000000001', 'https://recora-kenzai.example/cases/residence-renovation', 'recora-kenzai.example', '高級住宅リノベーション事例', 'owned', true, 2),
  ('83000000-0000-4000-8000-000000000013', '72000000-0000-4000-8000-000000000010', '20000000-0000-4000-8000-000000000003', '80000000-0000-4000-8000-000000000003', 'https://craft-kenzai.example/docs/installation', 'craft-kenzai.example', '施工資料', 'competitor', true, 3),
  ('83000000-0000-4000-8000-000000000014', '72000000-0000-4000-8000-000000000010', '20000000-0000-4000-8000-000000000001', '80000000-0000-4000-8000-000000000001', 'https://recora-kenzai.example/docs/installation-basic', 'recora-kenzai.example', '基本施工資料', 'owned', false, 1),
  ('83000000-0000-4000-8000-000000000015', '72000000-0000-4000-8000-000000000011', '20000000-0000-4000-8000-000000000005', '80000000-0000-4000-8000-000000000005', 'https://jukukan-tile.example/support/installation', 'jukukan-tile.example', '施工サポート', 'competitor', true, 2),
  ('83000000-0000-4000-8000-000000000016', '72000000-0000-4000-8000-000000000012', '20000000-0000-4000-8000-000000000001', '80000000-0000-4000-8000-000000000001', 'https://recora-kenzai.example/docs/compatibility-checklist', 'recora-kenzai.example', '施工互換性チェックリスト', 'owned', true, 2);

insert into public.metric_snapshots (
  id,
  run_id,
  scope_type,
  scope_id,
  brand_id,
  ai_visibility,
  ai_mention_count,
  citation_count,
  share_of_voice,
  competitive_gap,
  average_position,
  calculated_at
) values
  ('90000000-0000-4000-8000-000000000001', '70000000-0000-4000-8000-000000000001', 'project', '10000000-0000-4000-8000-000000000001', '20000000-0000-4000-8000-000000000001', 58.00, 12, 18, 18.70, -14.00, 2.60, '2026-06-16 09:20:00+09'),
  ('90000000-0000-4000-8000-000000000002', '70000000-0000-4000-8000-000000000001', 'brand', '20000000-0000-4000-8000-000000000002', '20000000-0000-4000-8000-000000000002', 72.00, 9, 15, 24.10, null, 1.40, '2026-06-16 09:20:00+09'),
  ('90000000-0000-4000-8000-000000000003', '70000000-0000-4000-8000-000000000001', 'brand', '20000000-0000-4000-8000-000000000003', '20000000-0000-4000-8000-000000000003', 64.00, 8, 8, 20.30, null, 1.80, '2026-06-16 09:20:00+09'),
  ('90000000-0000-4000-8000-000000000004', '70000000-0000-4000-8000-000000000001', 'brand', '20000000-0000-4000-8000-000000000001', '20000000-0000-4000-8000-000000000001', 58.00, 12, 18, 18.70, -14.00, 2.60, '2026-06-16 09:20:00+09'),
  ('90000000-0000-4000-8000-000000000005', '70000000-0000-4000-8000-000000000001', 'brand', '20000000-0000-4000-8000-000000000004', '20000000-0000-4000-8000-000000000004', 51.00, 2, 2, 8.80, null, 2.50, '2026-06-16 09:20:00+09'),
  ('90000000-0000-4000-8000-000000000006', '70000000-0000-4000-8000-000000000001', 'brand', '20000000-0000-4000-8000-000000000005', '20000000-0000-4000-8000-000000000005', 47.00, 5, 5, 12.40, null, 2.60, '2026-06-16 09:20:00+09'),
  ('90000000-0000-4000-8000-000000000007', '70000000-0000-4000-8000-000000000001', 'topic', '40000000-0000-4000-8000-000000000001', '20000000-0000-4000-8000-000000000001', 68.00, 6, 9, 21.00, -4.00, 2.00, '2026-06-16 09:20:00+09'),
  ('90000000-0000-4000-8000-000000000008', '70000000-0000-4000-8000-000000000001', 'topic', '40000000-0000-4000-8000-000000000002', '20000000-0000-4000-8000-000000000001', 57.00, 3, 4, 15.00, -15.00, 3.30, '2026-06-16 09:20:00+09'),
  ('90000000-0000-4000-8000-000000000009', '70000000-0000-4000-8000-000000000001', 'topic', '40000000-0000-4000-8000-000000000003', '20000000-0000-4000-8000-000000000001', 46.00, 3, 5, 14.00, -18.00, 2.30, '2026-06-16 09:20:00+09'),
  ('90000000-0000-4000-8000-000000000010', '70000000-0000-4000-8000-000000000001', 'topic', '40000000-0000-4000-8000-000000000004', '20000000-0000-4000-8000-000000000001', 61.00, 3, 3, 16.50, -8.00, 2.70, '2026-06-16 09:20:00+09'),
  ('90000000-0000-4000-8000-000000000011', '70000000-0000-4000-8000-000000000001', 'topic', '40000000-0000-4000-8000-000000000005', '20000000-0000-4000-8000-000000000001', 42.00, 0, 0, 0.00, -30.00, null, '2026-06-16 09:20:00+09'),
  ('90000000-0000-4000-8000-000000000012', '70000000-0000-4000-8000-000000000001', 'model', '60000000-0000-4000-8000-000000000001', '20000000-0000-4000-8000-000000000001', 64.00, 4, 5, 19.00, -8.00, 2.75, '2026-06-16 09:20:00+09'),
  ('90000000-0000-4000-8000-000000000013', '70000000-0000-4000-8000-000000000001', 'model', '60000000-0000-4000-8000-000000000002', '20000000-0000-4000-8000-000000000001', 52.00, 4, 2, 14.00, -20.00, 3.50, '2026-06-16 09:20:00+09'),
  ('90000000-0000-4000-8000-000000000014', '70000000-0000-4000-8000-000000000001', 'model', '60000000-0000-4000-8000-000000000003', '20000000-0000-4000-8000-000000000001', 71.00, 4, 11, 24.00, -1.00, 1.50, '2026-06-16 09:20:00+09'),
  ('90000000-0000-4000-8000-000000000015', '70000000-0000-4000-8000-000000000001', 'source_domain', '80000000-0000-4000-8000-000000000001', '20000000-0000-4000-8000-000000000001', 0.00, 0, 18, 31.00, null, null, '2026-06-16 09:20:00+09'),
  ('90000000-0000-4000-8000-000000000016', '70000000-0000-4000-8000-000000000001', 'source_domain', '80000000-0000-4000-8000-000000000002', '20000000-0000-4000-8000-000000000002', 0.00, 0, 15, 29.00, null, null, '2026-06-16 09:20:00+09'),
  ('90000000-0000-4000-8000-000000000017', '70000000-0000-4000-8000-000000000001', 'source_domain', '80000000-0000-4000-8000-000000000003', '20000000-0000-4000-8000-000000000003', 0.00, 0, 8, 18.00, null, null, '2026-06-16 09:20:00+09');

insert into public.recommendations (
  id,
  project_id,
  run_id,
  type,
  priority,
  impact_score,
  effort_score,
  title,
  reason,
  target_url,
  related_topic_id,
  related_prompt_id,
  status,
  metadata
) values
  (
    'a0000000-0000-4000-8000-000000000001',
    '10000000-0000-4000-8000-000000000001',
    '70000000-0000-4000-8000-000000000001',
    'content',
    'high',
    87.00,
    42.00,
    'ホテル・商業施設向けの事例ページを強化する',
    'デザインの差別化ではレコラ建材が評価される一方、公開事例の説明不足が複数回答で指摘されています。',
    'https://recora-kenzai.example/cases/hotel-lobby',
    '40000000-0000-4000-8000-000000000001',
    '50000000-0000-4000-8000-000000000001',
    'open',
    '{"expected_impact":"+5.0pt", "owner":"content"}'::jsonb
  ),
  (
    'a0000000-0000-4000-8000-000000000002',
    '10000000-0000-4000-8000-000000000001',
    '70000000-0000-4000-8000-000000000001',
    'source',
    'high',
    82.00,
    35.00,
    '供給安定性の根拠ページを整備する',
    '供給安定性のプロンプトでは競合に対してAI表示率と参照回数が不足しています。',
    'https://recora-kenzai.example/support/delivery',
    '40000000-0000-4000-8000-000000000002',
    '50000000-0000-4000-8000-000000000002',
    'open',
    '{"expected_impact":"+4.2pt", "owner":"product-marketing"}'::jsonb
  ),
  (
    'a0000000-0000-4000-8000-000000000003',
    '10000000-0000-4000-8000-000000000001',
    '70000000-0000-4000-8000-000000000001',
    'technical',
    'medium',
    74.00,
    55.00,
    '施工互換性チェックリストを公開する',
    '施工互換性ではレコラ建材の技術情報不足がAI回答内で繰り返し示されています。',
    'https://recora-kenzai.example/docs/compatibility-checklist',
    '40000000-0000-4000-8000-000000000004',
    '50000000-0000-4000-8000-000000000004',
    'open',
    '{"expected_impact":"+3.1pt", "owner":"technical"}'::jsonb
  ),
  (
    'a0000000-0000-4000-8000-000000000004',
    '10000000-0000-4000-8000-000000000001',
    '70000000-0000-4000-8000-000000000001',
    'competitive',
    'medium',
    69.00,
    48.00,
    '競合比較ページでタイルワークスとの差分を明確にする',
    'タイルワークスはデザイン事例と供給安定性で首位になっており、レコラ建材の強みを比較文脈で補足する必要があります。',
    'https://recora-kenzai.example/compare/tileworks',
    '40000000-0000-4000-8000-000000000001',
    '50000000-0000-4000-8000-000000000001',
    'planned',
    '{"expected_impact":"+2.8pt", "owner":"strategy"}'::jsonb
  ),
  (
    'a0000000-0000-4000-8000-000000000005',
    '10000000-0000-4000-8000-000000000001',
    '70000000-0000-4000-8000-000000000001',
    'risk',
    'low',
    58.00,
    30.00,
    '住宅リノベーション向けの説明を補足する',
    '素材の信頼性では評価されていますが、高級住宅向け事例の不足が一部回答で指摘されています。',
    'https://recora-kenzai.example/cases/residence-renovation',
    '40000000-0000-4000-8000-000000000003',
    '50000000-0000-4000-8000-000000000003',
    'open',
    '{"expected_impact":"+1.8pt", "owner":"content"}'::jsonb
  );

commit;
